sequence_id	junction_aa	pgen	log10_pgen	duplicate_count	duplicate_frequency_percent
Patient05_Base|sequence1	CASSQELSEQYF	1.6656237459332964e-08	-7.77842	35	4.881790919868889e-05
Patient05_Base|sequence2	CASSLVGPQNEKLFF	8.269098453167064e-10	-9.08254	12628	0.0176135016388869
Patient05_Base|sequence3	CASRLMDTRSDTQYF	6.927930507871741e-13	-12.1594	8292	0.0115656600878722
Patient05_Base|sequence5	CASSFPGAGTEAFF	2.3439338687458323e-08	-7.63005	6828	0.0095236766859613
Patient05_Base|sequence6	CASIPDRGHTEAFF	5.580929355787157e-09	-8.25329	5995	0.0083618104470325
Patient05_Base|sequence7	CASSERSLAGGSVGELFF	2.830707944223256e-13	-12.5481	5558	0.0077522839807517
Patient05_Base|sequence8	CASSYGSPQGADTQYF	5.1557279114569537e-11	-10.2877	5533	0.0077174140456098
Patient05_Base|sequence10	CASNKGQVYNEQFF	2.7168124471351913e-10	-9.56594	4927	0.0068721668177697
Patient05_Base|sequence11	CASSPQGGGEQYF	6.188622041655404e-08	-7.20841	4583	0.0063923565102168
Patient05_Base|sequence12	CASSLGGRGHNEQFF	1.8580451320858532e-08	-7.73094	4559	0.0063588813724806
Patient05_Base|sequence14	CASSPDPGTGSGYTF	3.0233148516916937e-10	-9.51952	4090	0.0057047213892182
Patient05_Base|sequence16	CASSSMRFSGANVLTF	2.64752430812949e-10	-9.57716	3975	0.0055443196875653
Patient05_Base|sequence18	CASSYGSGGFYNEQFF	5.177425791015032e-10	-9.28589	3492	0.0048706325406234
Patient05_Base|sequence21	CATGMNTEAFF	2.155461415790685e-07	-6.66646	3250	0.0045330915684496
Patient05_Base|sequence23	CASSPYRGPGELFF	9.61834083881514e-09	-8.0169	3097	0.0043196875653811
Patient05_Base|sequence25	CASSLFGTGGFVLNTEAFF	1.5783863035772054e-12	-11.8018	3055	0.0042611060743427
Patient05_Base|sequence27	CASSFSATNEKLFF	5.7706542988669146e-08	-7.23877	2837	0.0039570402399051
Patient05_Base|sequence28	CASSGLGGQTMNTEAFF	5.320391821153103e-11	-10.2741	2722	0.0037966385382523
Patient05_Base|sequence32	CASSHKAGSNEQFF	6.624874325779511e-10	-9.17882	2436	0.0033977264802287
Patient05_Base|sequence33	CASSPGTAGYEQYF	6.00517114406299e-08	-7.22147	2421	0.0033768045191435
Patient05_Base|sequence34	CASSPTSGSYNEQFF	2.335719809498739e-07	-6.63158	2400	0.0033475137736243
Patient05_Base|sequence38	CASSLQGLAYNEQFF	2.0926750698115922e-08	-7.6793	2211	0.0030838970639514
Patient05_Base|sequence39	CASSLVVGGEKLFF	9.544116993216625e-09	-8.02026	2183	0.0030448427365925
Patient05_Base|sequence41	CASSLSARGGNQPQHF	5.596969040735494e-09	-8.25205	2149	0.0029974196247994
Patient05_Base|sequence42	CASSQIPGQGDNEQFF	5.319400231672421e-10	-9.27414	2111	0.0029444173233837
Patient05_Base|sequence49	CASSTYLRLDEQFF	3.297700468379137e-11	-10.4818	1967	0.0027435664969663
Patient05_Base|sequence52	CASSEYRDSNTEAFF	2.670069030985238e-09	-8.57348	1875	0.002615245135644
Patient05_Base|sequence55	CASSQDEDSQNIQYF	7.33794052759532e-11	-10.1344	1776	0.002477160192482
Patient05_Base|sequence57	CASSVSGRYVEQYF	3.9992638110730765e-11	-10.398	1730	0.0024129995118209
Patient05_Base|sequence58	CASSVGDGVGETQYF	2.169303178567809e-10	-9.66368	1685	0.0023502336285654
Patient05_Base|sequence60	CASSRTGGSRELFF	4.4924824637797057e-10	-9.34751	1558	0.0021730943580444
Patient05_Base|sequence62	CASSSMAGGNTQYF	3.8091215925821117e-11	-10.4192	1535	0.0021410140177139
Patient05_Base|sequence64	CASSQEPPSEQYF	2.139856712405098e-09	-8.66962	1512	0.0021089336773833
Patient05_Base|sequence65	CASSFTVAGEQYF	1.3630088661103215e-09	-8.8655	1495	0.0020852221214868
Patient05_Base|sequence66	CASSLGQAYEQYF	7.470066108616245e-07	-6.12668	1494	0.0020838273240811
Patient05_Base|sequence67	CASSHSPGGSNTEAFF	4.682301603726529e-10	-9.32954	1486	0.0020726689448357
Patient05_Base|sequence68	CASSLAGLGRYF	1.0752913242022483e-09	-8.96847	1469	0.0020489573889392
Patient05_Base|sequence70	CASSIRDFNNEQFF	9.104689423531468e-10	-9.04073	1421	0.0019820071134667
Patient05_Base|sequence71	CASSSGGSTYEQYF	6.043405390884658e-08	-7.21872	1419	0.0019792175186554
Patient05_Base|sequence73	CASSSPMDNEQFF	4.439391668663121e-09	-8.35268	1375	0.0019178464328056
Patient05_Base|sequence77	CASSTDRATGELFF	2.2682773916388103e-08	-7.6443	1361	0.0018983192691261
Patient05_Base|sequence78	CASSSTSGGGELFF	1.8808531094542604e-08	-7.72565	1345	0.0018760025106353
Patient05_Base|sequence79	CAIRGIERTEAFF	2.554092345277263e-11	-10.5928	1327	0.0018508961573331
Patient05_Base|sequence80	CASSLGQAYEQYF	7.470066108616245e-07	-6.12668	1309	0.0018257898040309
Patient05_Base|sequence81	CASSLGAGGPYNEQFF	1.4320443438421677e-08	-7.84404	1252	0.0017462863519073
Patient05_Base|sequence82	CASSLVPGGEAFF	2.920612261133766e-08	-7.53453	1232	0.0017183904037938
Patient05_Base|sequence84	CASSYGDVAGELFF	6.750019419999755e-10	-9.17069	1192	0.0016625985075667
Patient05_Base|sequence85	CASSHSLADSEAFF	1.5032617138753593e-11	-10.823	1188	0.001657019317944
Patient05_Base|sequence86	CATSRGVVASGFTDTQYF	1.7906950627842629e-13	-12.747	1181	0.0016472557361043
Patient05_Base|sequence87	CASSLDLSNTEAFF	1.4327320701943263e-08	-7.84384	1180	0.0016458609386986
Patient05_Base|sequence88	CASSQSPGANVLTF	1.1554641511835226e-08	-7.93724	1177	0.0016416765464816
Patient05_Base|sequence89	CASSYGELGTQYF	2.96629268222926e-10	-9.52779	1172	0.0016347025594532
Patient05_Base|sequence92	CASSDIASSYNEQFF	4.1424265538196854e-09	-8.38275	1122	0.0015649626891693
Patient05_Base|sequence93	CASSLNLGGYTF	1.5178540139408903e-08	-7.81877	1118	0.0015593834995466
Patient05_Base|sequence94	CASSLPEGSPGRLPGLPQHF	4.027042727494311e-18	-17.395	1115	0.0015551991073296
Patient05_Base|sequence96	CASGEGTGELFF	5.361383412981329e-08	-7.27072	1104	0.0015398563358672
Patient05_Base|sequence97	CASSIAGLGAVNSPLHF	1.7135863543348302e-12	-11.7661	1103	0.0015384615384615
Patient05_Base|sequence99	CASSVGSEQYF	1.9252497799279523e-07	-6.71551	1062	0.0014812748448287
